{
  "project_info": {
    "project_number": "744427576739",
    "project_id": "perpustakaan-523ee",
    "storage_bucket": "perpustakaan-523ee.appspot.com"
  },
  "client": [
    {
      "client_info": {
        "mobilesdk_app_id": "1:744427576739:android:f7645a2466eb187c838e16",
        "android_client_info": {
          "package_name": "com.example.perpustakaan"
        }
      },
      "oauth_client": [
        {
          "client_id": "744427576739-poittd23fu9e3cp8rktq4hppjnp9gfgk.apps.googleusercontent.com",
          "client_type": 3
        }
      ],
      "api_key": [
        {
          "current_key": "AIzaSyAmAwGBVTaoZhKYU5Xa2jeD5hVJ7YcjD1M"
        }
      ],
      "services": {
        "appinvite_service": {
          "other_platform_oauth_client": [
            {
              "client_id": "744427576739-poittd23fu9e3cp8rktq4hppjnp9gfgk.apps.googleusercontent.com",
              "client_type": 3
            }
          ]
        }
      }
    }
  ],
  "configuration_version": "1"
}